0,chromosome,a_start,3,4,5,a_end,# Location,Site,Target,Mm.Type,PAM,Mm.All,b_start,b_end,intersection_start,intersecton_end,overlaplength
GTCTCAGATATATCCACAGTTGG,1,30429849,tTtTaAGATATATaCACAGTTGG,+,4,30429872,1:30429850-30429873:+,tTtTaAGA_TATATaCACAGT-TGGA,MSTN_sg1,A13,A:NGG,4,30429850,30429873,30429850,30429872,22
GTCTCAGATATATCCACAGTTGG,1,57922880,tTtTCAatTATtTCCACAGTTGG,+,5,57922903,1:57922881-57922904:+,tTtTCAat_TATtTCCACAGT-TGGA,MSTN_sg1,A14,A:NGG,5,57922881,57922904,57922881,57922903,22
GTCTCAGATATATCCACAGTTGG,1,128278369,cTgTCccATtTATCCACAGTTGG,+,5,128278392,1:128278370-128278393:+,cTgTCccA_TtTATCCACAGT-TGGG,MSTN_sg1,A14,A:NGG,5,128278370,128278393,128278370,128278392,22
GTCTCAGATATATCCACAGTTGG,10,44540709,acaTCAGcaATATCCACAGTTGG,+,5,44540732,10:44540710-44540733:+,acaTCAGc_aATATCCACAGT-TGGC,MSTN_sg1,A14,A:NGG,5,44540710,44540733,44540710,44540732,22
GTCTCAGATATATCCACAGTTGG,10,41987919,aaCTCAcATgTATCCACAGTTGG,+,4,41987942,10:41987920-41987943:+,aaCTCAcA_TgTATCCACAGT-TGGT,MSTN_sg1,A13,A:NGG,4,41987920,41987943,41987920,41987942,22
GTCTCAGATATATCCACAGTTGG,11,50525682,aaCaCAGgTATATCaACAGTTGG,+,5,50525705,11:50525683-50525706:+,aaCaCAGg_TATATCaACAGT-TGGC,MSTN_sg1,A14,A:NGG,5,50525683,50525706,50525683,50525705,22
GTCTCAGATATATCCACAGTTGG,14,16438221,acCTaAaATATATaCACAGTTGG,+,5,16438244,14:16438222-16438245:+,acCTaAaA_TATATaCACAGT-TGGG,MSTN_sg1,A14,A:NGG,5,16438222,16438245,16438222,16438244,22
GTCTCAGATATATCCACAGTTGG,15,35475659,tTCTCcctTcTATCCACAGTTGG,-,5,35475682,15:35475659-35475682:-,tTCTCcct_TcTATCCACAGT-TGGG,MSTN_sg1,A14,A:NGG,5,35475659,35475682,35475659,35475682,23
GTCTCAGATATATCCACAGTTGG,15,49395504,GaaTCccATATATCCACAaTTGG,-,5,49395527,15:49395504-49395527:-,GaaTCccA_TATATCCACAaT-TGGC,MSTN_sg1,A14,A:NGG,5,49395504,49395527,49395504,49395527,23
GTCTCAGATATATCCACAGTTGG,15,76814078,GTgaCAGATATATCCACAGaaGG,-,4,76814101,15:76814078-76814101:-,GTgaCAGA_TATATCCACAGa-AGGA,MSTN_sg1,A12,A:NGG,3,76814078,76814101,76814078,76814101,23
GTCTCAGATATATCCACAGTTGG,17,64202639,tTtTgAcATATATgCACAGTTGG,-,5,64202662,17:64202639-64202662:-,tTtTgAcA_TATATgCACAGT-TGGA,MSTN_sg1,A14,A:NGG,5,64202639,64202662,64202639,64202662,23
GTCTCAGATATATCCACAGTTGG,18,18548302,aaCTgAGATgTATCCACAGTgGG,-,5,18548325,18:18548302-18548325:-,aaCTgAGA_TgTATCCACAGT-GGGA,MSTN_sg1,A13,A:NGG,4,18548302,18548325,18548302,18548325,23
GTCTCAGATATATCCACAGTTGG,18,1397765,tgCTCAttTATgTCCACAGTTGG,-,5,1397788,18:1397765-1397788:-,tgCTCAtt_TATgTCCACAGT-TGGA,MSTN_sg1,A14,A:NGG,5,1397765,1397788,1397765,1397788,23
GTCTCAGATATATCCACAGTTGG,2,101576763,GctTCAGATATATCCcCAGTgGG,+,4,101576786,2:101576764-101576787:+,GctTCAGA_TATATCCcCAGT-GGGT,MSTN_sg1,A12,A:NGG,3,101576764,101576787,101576764,101576786,22
GTCTCAGATATATCCACAGTTGG,2,130230490,GTCTCAGATATATCCACAGTTGG,+,0,130230513,2:130230491-130230514:+,GTCTCAGA_TATATCCACAGT-TGGG,MSTN_sg1,A00,A:NGG,0,130230491,130230514,130230491,130230513,22
GTCTCAGATATATCCACAGTTGG,2,116384299,GTtTCcaATATATaCACAGTTGG,-,4,116384322,2:116384299-116384322:-,GTtTCcaA_TATATaCACAGT-TGGG,MSTN_sg1,A13,A:NGG,4,116384299,116384322,116384299,116384322,23
GTCTCAGATATATCCACAGTTGG,20,19019004,GaCTCAGgaATATCCACAGTgGG,+,4,19019027,20:19019005-19019028:+,GaCTCAGg_aATATCCACAGT-GGGA,MSTN_sg1,A12,A:NGG,3,19019005,19019028,19019005,19019027,22
GTCTCAGATATATCCACAGTTGG,23,17099630,cTgTgAGATATcTCCACAGTgGG,-,5,17099653,23:17099630-17099653:-,cTgTgAGA_TATcTCCACAGT-GGGG,MSTN_sg1,A13,A:NGG,4,17099630,17099653,17099630,17099653,23
GTCTCAGATATATCCACAGTTGG,25,8126844,GTtTaAcATATATCgACAGTgGG,+,5,8126867,25:8126845-8126868:+,GTtTaAcA_TATATCgACAGT-GGGT,MSTN_sg1,A13,A:NGG,4,8126845,8126868,8126845,8126867,22
GTCTCAGATATATCCACAGTTGG,25,15497889,GcCcCAtATATATaCACAGTgGG,+,5,15497912,25:15497890-15497913:+,GcCcCAtA_TATATaCACAGT-GGGA,MSTN_sg1,A13,A:NGG,4,15497890,15497913,15497890,15497912,22
GTCTCAGATATATCCACAGTTGG,26,41836935,GTCaCtagTATtTCCACAGTTGG,+,5,41836958,26:41836936-41836959:+,GTCaCtag_TATtTCCACAGT-TGGT,MSTN_sg1,A14,A:NGG,5,41836936,41836959,41836936,41836958,22
GTCTCAGATATATCCACAGTTGG,3,105063817,tTCTgActTATATCCAgAGTTGG,-,5,105063840,3:105063817-105063840:-,tTCTgAct_TATATCCAgAGT-TGGA,MSTN_sg1,A14,A:NGG,5,105063817,105063840,105063817,105063840,23
GTCTCAGATATATCCACAGTTGG,8,99408977,GTgTtctATATATCCACAGcTGG,-,5,99409000,8:99408977-99409000:-,GTgTtctA_TATATCCACAGc-TGGG,MSTN_sg1,A14,A:NGG,5,99408977,99409000,99408977,99409000,23
