genenames,s14-shier_H33WHDMXX_clean_gene_abundance_50,s7-shier_H33WHDMXX_clean_gene_abundance_50,s11-shier_H33WHDMXX_clean_gene_abundance_50,s9-shier_H33WHDMXX_clean_gene_abundance_50,s15-shier_H33WHDMXX_clean_gene_abundance_50,2-hui_H32MHDMXX_clean_gene_abundance_50,s16-shier_H33YHDMXX_clean_gene_abundance_50,s4-shier_H33WHDMXX_clean_gene_abundance_50,s6-shier_H33WHDMXX_clean_gene_abundance_50,rowsum
gene_100000|GeneMark.hmm|645_nt|+|1|645|>k141_68176|flag=1|multi=4.0000|len=756,0.0,0.0,0.0,0.0,1.0145273286432472e-05,0.0,0.0,0.0,0.0,1.0145273286432472e-05
gene_100004|GeneMark.hmm|825_nt|+|2281|3105|>k141_61785|flag=1|multi=5.0000|len=3694,0.0,0.0,0.0,0.0,1.0537361142912956e-06,0.0,0.0,0.0,0.0,1.0537361142912956e-06
gene_10000|GeneMark.hmm|1551_nt|+|30848|32398|>k141_6315|flag=1|multi=14.4481|len=65531,0.0,0.0,0.0,7.781117550162398e-05,0.0,0.0,0.0,0.0,0.0,7.781117550162398e-05
gene_10000|GeneMark.hmm|564_nt|-|326|889|>k141_6821|flag=1|multi=4.0000|len=891,0.0,0.0,0.0,0.0,0.0,0.0,0.0,0.00029315667148204383,0.0,0.00029315667148204383
gene_100012|GeneMark.hmm|1191_nt|-|477|1667|>k141_68184|flag=1|multi=4.4774|len=2158,0.0,0.0,0.0,0.0,1.8653652422317403e-06,0.0,0.0,0.0,0.0,1.8653652422317403e-06
gene_100012|GeneMark.hmm|597_nt|-|202|798|>k141_77417|flag=1|multi=3.0000|len=800,0.0,0.0,0.0,0.0,4.392925127382482e-06,0.0,0.0,0.0,0.0,4.392925127382482e-06
gene_100016|GeneMark.hmm|1620_nt|+|135|1754|>k141_68186|flag=1|multi=12.0000|len=1861,0.0,0.0,0.0,0.0,5.9705303556103516e-06,0.0,0.0,0.0,0.0,5.9705303556103516e-06
gene_100021|GeneMark.hmm|1860_nt|-|3|1862|>k141_60093|flag=1|multi=3.0000|len=1863,0.0,0.0,0.0,0.0,4.276928934476434e-06,0.0,0.0,0.0,0.0,4.276928934476434e-06
gene_100023|GeneMark.hmm|2217_nt|+|5|2221|>k141_62694|flag=1|multi=8.0000|len=2307,0.0,0.0,0.0,5.6512709918159886e-05,0.0,0.0,0.0,0.0,0.0,5.6512709918159886e-05
gene_100027|GeneMark.hmm|546_nt|-|3|548|>k141_77431|flag=1|multi=4.0000|len=548,0.0,0.0,0.0,0.0,8.13218881907491e-06,0.0,0.0,0.0,0.0,8.13218881907491e-06
gene_100028|GeneMark.hmm|765_nt|-|1|765|>k141_64435|flag=1|multi=5.0000|len=1319,0.0,0.0,0.0,0.0,1.4949709167181009e-05,0.0,0.0,0.0,0.0,1.4949709167181009e-05
gene_100031|GeneMark.hmm|1890_nt|-|1218|3107|>k141_60100|flag=0|multi=42.2711|len=3395,0.0,0.0,0.0,0.0,0.0,0.0,0.0,0.00017879010710346424,0.0,0.00017879010710346424
gene_100035|GeneMark.hmm|933_nt|+|1|933|>k141_61805|flag=1|multi=5.0000|len=1550,0.0,0.0,0.0,0.0,2.450824445598856e-06,0.0,0.0,0.0,0.0,2.450824445598856e-06
gene_100036|GeneMark.hmm|1476_nt|+|454|1929|>k141_60102|flag=1|multi=8.0000|len=2532,0.0,0.0,0.0,0.00013086116612260912,0.0,0.0,0.0,0.0,0.0,0.00013086116612260912
gene_10004|GeneMark.hmm|1593_nt|-|3|1595|>k141_6371|flag=0|multi=74.0000|len=3473,0.0,0.0,0.0,0.00015316097708431903,0.0,0.0,0.0,0.0,0.0,0.00015316097708431903
gene_10004|GeneMark.hmm|2316_nt|-|35657|37972|>k141_6315|flag=1|multi=14.4481|len=65531,0.0,0.0,0.0,8.82927985544898e-05,0.0,0.0,0.0,0.0,0.0,8.82927985544898e-05
gene_100058|GeneMark.hmm|1050_nt|-|158|1207|>k141_68089|flag=1|multi=6.0000|len=2619,0.0,0.0,0.0,0.0,1.3581779306245216e-06,0.0,0.0,0.0,0.0,1.3581779306245216e-06
gene_100059|GeneMark.hmm|765_nt|-|2|766|>k141_77454|flag=1|multi=4.0000|len=767,0.0,0.0,0.0,0.0,2.3623470287902328e-05,0.0,0.0,0.0,0.0,2.3623470287902328e-05
gene_10005|GeneMark.hmm|1395_nt|+|1824|3218|>k141_6371|flag=0|multi=74.0000|len=3473,0.0,0.0,0.0,7.560330299326694e-05,0.0,0.0,0.0,0.0,1.954538261588464e-06,7.75578412548554e-05
gene_100066|GeneMark.hmm|1440_nt|+|1401|2840|>k141_64644|flag=1|multi=6.0000|len=2879,0.0,0.0,0.0,0.0,2.2564487137065327e-06,0.0,0.0,0.0,0.0,2.2564487137065327e-06
gene_10007|GeneMark.hmm|8706_nt|-|39816|48521|>k141_6315|flag=1|multi=14.4481|len=65531,0.0,0.0,0.0,3.7189731799462986e-05,0.0,0.0,0.0,0.0,0.0,3.7189731799462986e-05
gene_10008|GeneMark.hmm|5862_nt|-|48786|54647|>k141_6315|flag=1|multi=14.4481|len=65531,0.0,0.0,0.0,8.97713860900913e-05,0.0,0.0,0.0,0.0,0.0,8.97713860900913e-05
gene_100090|GeneMark.hmm|564_nt|-|842|1405|>k141_68112|flag=1|multi=5.0000|len=1519,0.0,0.0,0.0,0.0,0.0,0.0,2.3055523217979103e-06,0.0,0.0,2.3055523217979103e-06
gene_100096|GeneMark.hmm|447_nt|-|147|593|>k141_66046|flag=1|multi=3.0000|len=738,0.0,0.0,0.0,0.0,0.0,0.0,0.0,0.0,2.207926006279424e-05,2.207926006279424e-05
gene_100099|GeneMark.hmm|453_nt|+|883|1335|>k141_61847|flag=1|multi=4.0000|len=4557,0.0,0.0,0.0,0.0,1.0932406558655679e-06,0.0,0.0,0.0,0.0,1.0932406558655679e-06
gene_100100|GeneMark.hmm|1326_nt|-|3|1328|>k141_60858|flag=1|multi=5.0000|len=1483,0.0,0.0,0.0,0.00013846656599873859,0.0,0.0,0.0,0.0,0.0,0.00013846656599873859
gene_100102|GeneMark.hmm|1347_nt|+|2185|3531|>k141_61847|flag=1|multi=4.0000|len=4557,0.0,0.0,0.0,0.0,1.6865209458115835e-05,0.0,0.0,0.0,0.0,1.6865209458115835e-05
gene_100107|GeneMark.hmm|747_nt|-|3|749|>k141_68492|flag=1|multi=5.0000|len=751,0.0,0.0,0.0,0.0,0.0,0.0,0.0,3.2917554982671964e-05,0.0,3.2917554982671964e-05
gene_100110|GeneMark.hmm|1062_nt|+|175|1236|>k141_68259|flag=1|multi=5.0000|len=3717,0.0,0.0,0.0,0.0,1.412716163590014e-05,0.0,0.0,0.0,0.0,1.412716163590014e-05
gene_100111|GeneMark.hmm|765_nt|+|1229|1993|>k141_68259|flag=1|multi=5.0000|len=3717,0.0,0.0,0.0,0.0,9.894709581273604e-06,0.0,0.0,0.0,0.0,9.894709581273604e-06
gene_100112|GeneMark.hmm|423_nt|+|1987|2409|>k141_68259|flag=1|multi=5.0000|len=3717,0.0,0.0,0.0,0.0,5.587176630591653e-07,0.0,0.0,0.0,0.0,5.587176630591653e-07
gene_100116|GeneMark.hmm|4431_nt|-|2|4432|>k141_60165|flag=1|multi=10.0000|len=4433,0.0,0.0,0.0,0.0,9.339536803048675e-06,0.0,8.314599181626372e-07,0.0,5.652380833653506e-05,6.669480505774637e-05
gene_100117|GeneMark.hmm|2733_nt|-|128|2860|>k141_68500|flag=1|multi=14.0000|len=3020,0.0,0.0,0.0,0.0,1.4306299234256545e-06,0.0,0.0,0.0,0.0,1.4306299234256545e-06
gene_100119|GeneMark.hmm|1164_nt|-|287|1450|>k141_68132|flag=1|multi=9.0000|len=1504,0.0,0.0,0.0,0.0,5.322967410316386e-06,0.0,0.0,0.0,0.0,5.322967410316386e-06
gene_10011|GeneMark.hmm|846_nt|-|349|1194|>k141_6341|flag=1|multi=4.0000|len=2038,0.0,0.0,0.0,0.0,4.9349180013189625e-06,0.0,0.0,0.0,0.0,4.9349180013189625e-06
gene_100121|GeneMark.hmm|1614_nt|+|3|1616|>k141_68134|flag=1|multi=6.0000|len=8622,0.0,0.0,0.0,0.0,8.54715421858535e-06,0.0,0.0,0.0,0.0,8.54715421858535e-06
gene_100122|GeneMark.hmm|810_nt|+|1616|2425|>k141_68134|flag=1|multi=6.0000|len=8622,0.0,0.0,0.0,0.0,9.013362630508189e-06,0.0,0.0,0.0,0.0,9.013362630508189e-06
gene_100125|GeneMark.hmm|1101_nt|-|4456|5556|>k141_68134|flag=1|multi=6.0000|len=8622,0.0,0.0,0.0,0.0,4.2793263161661625e-06,0.0,0.0,0.0,0.0,4.2793263161661625e-06
gene_100126|GeneMark.hmm|1857_nt|-|5626|7482|>k141_68134|flag=1|multi=6.0000|len=8622,0.0,0.0,0.0,0.0,3.397560368509317e-06,0.0,0.0,0.0,0.0,3.397560368509317e-06
gene_100127|GeneMark.hmm|669_nt|-|384|1052|>k141_68506|flag=1|multi=3.0000|len=1052,0.0,0.0,0.0,0.0,0.0,0.0,0.0,0.0,1.2537356105020868e-05,1.2537356105020868e-05
gene_10012|GeneMark.hmm|1104_nt|+|57544|58647|>k141_6315|flag=1|multi=14.4481|len=65531,0.0,0.0,0.0,0.00015635183077357566,0.0,0.0,0.0,0.0,0.0,0.00015635183077357566
gene_100130|GeneMark.hmm|402_nt|-|1|402|>k141_60880|flag=1|multi=3.0000|len=404,0.0,0.0,0.0,0.0,4.460600729208551e-06,0.0,0.0,0.0,0.0,4.460600729208551e-06
gene_100130|GeneMark.hmm|438_nt|-|48|485|>k141_66071|flag=1|multi=4.0000|len=873,0.0,0.0,0.0,0.0,9.924322478993182e-06,0.0,0.0,0.0,0.0,9.924322478993182e-06
gene_100135|GeneMark.hmm|1371_nt|+|1|1371|>k141_68276|flag=1|multi=4.0000|len=1543,0.0,0.0,0.0,0.0,1.342848608608443e-06,0.0,0.0,0.0,0.0,1.342848608608443e-06
gene_100135|GeneMark.hmm|579_nt|+|1|579|>k141_77517|flag=1|multi=4.0000|len=721,0.0,0.0,0.0,0.0,1.2725984577496978e-06,0.0,0.0,0.0,0.0,1.2725984577496978e-06
gene_100137|GeneMark.hmm|495_nt|-|2|496|>k141_77519|flag=1|multi=2.0000|len=496,0.0,0.0,0.0,0.0,2.6354012363064616e-06,0.0,0.0,0.0,0.0,2.6354012363064616e-06
gene_100138|GeneMark.hmm|1038_nt|-|7747|8784|>k141_50091|flag=1|multi=14.6813|len=45326,0.0,0.0,0.0,0.0,3.251043953571614e-05,0.0,0.0,0.0,0.0,3.251043953571614e-05
gene_100138|GeneMark.hmm|5262_nt|-|169|5430|>k141_68279|flag=1|multi=45.3111|len=5545,0.0,0.0,0.0,0.0,4.550557211230142e-06,0.0,0.0,0.0,0.0,4.550557211230142e-06
gene_100138|GeneMark.hmm|972_nt|-|1721|2692|>k141_68513|flag=1|multi=4.4199|len=3118,0.0,0.0,0.0,0.0,0.0,0.0,0.0,0.0,4.791730254043713e-05,4.791730254043713e-05
gene_100140|GeneMark.hmm|1275_nt|-|3300|4574|>k141_60175|flag=1|multi=8.0000|len=4574,0.0,0.0,0.0,0.0,,0.0,0.0,0.0,0.0,0.0
gene_100140|GeneMark.hmm|669_nt|-|254|922|>k141_61871|flag=1|multi=3.0000|len=1262,0.0,0.0,0.0,0.0,,0.0,0.0,0.0,0.0,0.0
gene_100147|GeneMark.hmm|546_nt|-|1|546|>k141_64694|flag=1|multi=3.0000|len=546,0.0,0.0,0.0,,0.0,0.0,0.0,0.0,0.0,0.0
gene_10014|GeneMark.hmm|543_nt|-|29|571|>k141_9551|flag=1|multi=2.0000|len=573,0.0,0.0,0.0,0.0,0.0,0.0,,0.0,0.0,0.0
gene_100152|GeneMark.hmm|603_nt|+|81|683|>k141_68287|flag=1|multi=4.0000|len=1212,0.0,0.0,0.0,0.0,0.0,0.0,0.0,0.0,,0.0
gene_100165|GeneMark.hmm|657_nt|-|2|658|>k141_64705|flag=1|multi=3.0000|len=660,0.0,0.0,0.0,0.0,0.0,,0.0,0.0,0.0,0.0
gene_100166|GeneMark.hmm|519_nt|-|145|663|>k141_68299|flag=1|multi=8.0000|len=800,0.0,0.0,0.0,0.0,,0.0,0.0,0.0,0.0,0.0
gene_10016|GeneMark.hmm|2718_nt|+|154|2871|>k141_6960|flag=1|multi=10.0000|len=2923,0.0,0.0,0.0,0.0,,0.0,0.0,0.0,,0.0
gene_10016|GeneMark.hmm|363_nt|+|1|363|>k141_7743|flag=1|multi=2.0000|len=402,0.0,0.0,0.0,0.0,,0.0,0.0,0.0,0.0,0.0
gene_10016|GeneMark.hmm|585_nt|-|21|605|>k141_8333|flag=1|multi=4.0000|len=716,0.0,0.0,0.0,0.0,0.0,0.0,0.0,,0.0,0.0
gene_100171|GeneMark.hmm|2562_nt|+|115|2676|>k141_60905|flag=1|multi=18.2499|len=2770,0.0,0.0,0.0,0.0,,0.0,0.0,0.0,0.0,0.0
gene_100171|GeneMark.hmm|546_nt|-|418|963|>k141_68301|flag=1|multi=5.0000|len=964,0.0,0.0,0.0,0.0,,0.0,0.0,0.0,0.0,0.0
gene_100173|GeneMark.hmm|1062_nt|-|837|1898|>k141_64709|flag=1|multi=5.0000|len=1982,0.0,0.0,0.0,0.0,,0.0,0.0,0.0,0.0,0.0
gene_100174|GeneMark.hmm|678_nt|+|442|1119|>k141_77544|flag=1|multi=4.0000|len=1231,0.0,0.0,0.0,0.0,,0.0,0.0,0.0,0.0,0.0
gene_100180|GeneMark.hmm|1467_nt|+|1|1467|>k141_66108|flag=1|multi=5.0000|len=2391,0.0,0.0,0.0,0.0,,0.0,,0.0,0.0,0.0
gene_100181|GeneMark.hmm|1836_nt|+|2286|4121|>k141_64713|flag=1|multi=7.0000|len=8748,0.0,0.0,0.0,0.0,,0.0,,0.0,,0.0
gene_100182|GeneMark.hmm|2613_nt|+|7621|10233|>k141_68538|flag=1|multi=8.0000|len=10997,0.0,0.0,0.0,0.0,0.0,0.0,0.0,,,0.0
gene_100182|GeneMark.hmm|747_nt|+|4127|4873|>k141_64713|flag=1|multi=7.0000|len=8748,0.0,0.0,0.0,0.0,,0.0,,0.0,0.0,0.0
gene_100188|GeneMark.hmm|1140_nt|-|4003|5142|>k141_68180|flag=1|multi=9.9255|len=9802,0.0,0.0,0.0,0.0,,0.0,0.0,0.0,,0.0
gene_10018|GeneMark.hmm|1128_nt|-|1356|2483|>k141_6953|flag=1|multi=19.0000|len=2604,0.0,0.0,0.0,0.0,,0.0,0.0,0.0,0.0,0.0
gene_10018|GeneMark.hmm|387_nt|-|3|389|>k141_9555|flag=1|multi=2.0000|len=389,0.0,0.0,0.0,0.0,0.0,0.0,,0.0,0.0,0.0
gene_10018|GeneMark.hmm|882_nt|+|367|1248|>k141_6961|flag=0|multi=17.0842|len=7778,0.0,0.0,0.0,,0.0,0.0,0.0,0.0,0.0,0.0
gene_100191|GeneMark.hmm|1134_nt|-|125|1258|>k141_68317|flag=1|multi=25.0000|len=1366,0.0,0.0,0.0,0.0,,0.0,,0.0,0.0,0.0
gene_100191|GeneMark.hmm|2148_nt|-|10|2157|>k141_64719|flag=1|multi=5.0000|len=2310,0.0,0.0,0.0,0.0,,0.0,0.0,0.0,0.0,0.0
gene_100194|GeneMark.hmm|1002_nt|-|97|1098|>k141_68319|flag=1|multi=3.0000|len=1219,0.0,0.0,0.0,0.0,,0.0,0.0,0.0,0.0,0.0
gene_100198|GeneMark.hmm|681_nt|-|2716|3396|>k141_62817|flag=1|multi=10.0000|len=3398,0.0,0.0,0.0,0.0,0.0,0.0,0.0,,,0.0
gene_10019|GeneMark.hmm|1362_nt|+|63901|65262|>k141_6315|flag=1|multi=14.4481|len=65531,0.0,0.0,0.0,,0.0,0.0,0.0,0.0,0.0,0.0
gene_1001|GeneMark.hmm|1629_nt|-|1635|3263|>k141_769|flag=0|multi=8.2398|len=3644,0.0,0.0,0.0,0.0,0.0,0.0,0.0,0.0,,0.0
gene_10020|GeneMark.hmm|1146_nt|-|2|1147|>k141_6674|flag=1|multi=3.0000|len=1149,0.0,0.0,0.0,,0.0,0.0,0.0,0.0,0.0,0.0
gene_10020|GeneMark.hmm|1236_nt|+|1916|3151|>k141_6961|flag=0|multi=17.0842|len=7778,0.0,0.0,0.0,0.0,0.0,0.0,0.0,0.0,,0.0
gene_10021|GeneMark.hmm|876_nt|+|3170|4045|>k141_6961|flag=0|multi=17.0842|len=7778,0.0,0.0,0.0,0.0,0.0,0.0,0.0,0.0,,0.0
gene_100223|GeneMark.hmm|741_nt|+|480|1220|>k141_64737|flag=1|multi=3.0000|len=1393,0.0,0.0,0.0,0.0,0.0,0.0,,0.0,0.0,0.0
gene_10022|GeneMark.hmm|948_nt|+|3|950|>k141_9559|flag=1|multi=4.0000|len=1282,0.0,0.0,0.0,0.0,0.0,0.0,,0.0,0.0,0.0
gene_100238|GeneMark.hmm|1092_nt|-|1|1092|>k141_68576|flag=1|multi=5.0000|len=1093,0.0,0.0,0.0,0.0,0.0,0.0,0.0,0.0,,0.0
gene_10023|GeneMark.hmm|534_nt|-|1|534|>k141_9484|flag=1|multi=3.0000|len=693,0.0,0.0,0.0,0.0,0.0,,0.0,0.0,0.0,0.0
gene_100246|GeneMark.hmm|1440_nt|-|11161|12600|>k141_64744|flag=0|multi=18.9819|len=19723,0.0,0.0,0.0,0.0,0.0,0.0,0.0,0.0,,0.0
gene_100249|GeneMark.hmm|1704_nt|+|15065|16768|>k141_64744|flag=0|multi=18.9819|len=19723,0.0,0.0,0.0,0.0,0.0,0.0,0.0,0.0,,0.0
gene_100249|GeneMark.hmm|2676_nt|-|163|2838|>k141_60244|flag=0|multi=19.3394|len=10929,0.0,0.0,0.0,0.0,0.0,0.0,0.0,,0.0,0.0
gene_10024|GeneMark.hmm|417_nt|-|3|419|>k141_8886|flag=1|multi=4.0000|len=504,0.0,0.0,0.0,0.0,0.0,0.0,0.0,0.0,,0.0
gene_100250|GeneMark.hmm|1287_nt|+|16791|18077|>k141_64744|flag=0|multi=18.9819|len=19723,0.0,0.0,0.0,0.0,0.0,,0.0,0.0,0.0,0.0
gene_100251|GeneMark.hmm|783_nt|+|18083|18865|>k141_64744|flag=0|multi=18.9819|len=19723,0.0,0.0,0.0,0.0,0.0,0.0,0.0,0.0,,0.0
gene_100253|GeneMark.hmm|2478_nt|-|6402|8879|>k141_60244|flag=0|multi=19.3394|len=10929,0.0,0.0,0.0,0.0,0.0,0.0,0.0,,0.0,0.0
gene_100257|GeneMark.hmm|468_nt|+|23|490|>k141_62847|flag=1|multi=2.0000|len=519,0.0,0.0,0.0,,0.0,0.0,0.0,0.0,0.0,0.0
gene_100263|GeneMark.hmm|651_nt|+|410|1060|>k141_66165|flag=0|multi=48.6699|len=1074,0.0,0.0,0.0,0.0,0.0,0.0,0.0,0.0,,0.0
gene_100267|GeneMark.hmm|1080_nt|-|101|1180|>k141_60254|flag=1|multi=4.0000|len=1710,0.0,0.0,0.0,0.0,0.0,0.0,0.0,0.0,,0.0
gene_100278|GeneMark.hmm|627_nt|-|224|850|>k141_64600|flag=1|multi=5.0000|len=2328,0.0,0.0,0.0,,0.0,0.0,0.0,0.0,0.0,0.0
gene_100285|GeneMark.hmm|1248_nt|-|1|1248|>k141_68363|flag=1|multi=5.0000|len=1249,0.0,0.0,0.0,0.0,0.0,0.0,0.0,0.0,,0.0
gene_10029|GeneMark.hmm|636_nt|-|2|637|>k141_9565|flag=1|multi=2.0000|len=637,0.0,0.0,0.0,0.0,0.0,,,0.0,,0.0
gene_10029|GeneMark.hmm|945_nt|-|395|1339|>k141_6389|flag=1|multi=4.0000|len=4383,0.0,0.0,0.0,0.0,0.0,,0.0,0.0,0.0,0.0
gene_1002|GeneMark.hmm|318_nt|+|1|318|>k141_961|flag=1|multi=2.0000|len=502,0.0,0.0,0.0,0.0,0.0,0.0,,0.0,0.0,0.0
gene_100300|GeneMark.hmm|777_nt|+|1669|2445|>k141_64779|flag=1|multi=4.0000|len=3078,0.0,0.0,0.0,0.0,0.0,,0.0,0.0,0.0,0.0
gene_100304|GeneMark.hmm|474_nt|-|1|474|>k141_64781|flag=1|multi=3.0000|len=474,0.0,0.0,0.0,,0.0,0.0,0.0,0.0,0.0,0.0
gene_10030|GeneMark.hmm|1467_nt|-|1346|2812|>k141_6389|flag=1|multi=4.0000|len=4383,0.0,0.0,0.0,,0.0,,0.0,0.0,0.0,0.0
gene_100310|GeneMark.hmm|1533_nt|-|138|1670|>k141_60290|flag=1|multi=8.0000|len=1778,0.0,0.0,0.0,0.0,0.0,0.0,0.0,0.0,,0.0
gene_10031|GeneMark.hmm|600_nt|-|231|830|>k141_9489|flag=1|multi=3.0000|len=832,0.0,0.0,0.0,0.0,0.0,,0.0,0.0,0.0,0.0
gene_10031|GeneMark.hmm|813_nt|-|2|814|>k141_9567|flag=1|multi=2.0000|len=1182,0.0,0.0,0.0,0.0,0.0,0.0,,0.0,0.0,0.0
gene_10032|GeneMark.hmm|306_nt|+|1|306|>k141_8350|flag=1|multi=3.0000|len=411,0.0,0.0,0.0,0.0,0.0,0.0,0.0,,0.0,0.0
gene_100332|GeneMark.hmm|1488_nt|+|2|1489|>k141_64801|flag=1|multi=5.0000|len=1948,0.0,0.0,0.0,,0.0,,0.0,0.0,0.0,0.0
gene_100334|GeneMark.hmm|447_nt|-|1|447|>k141_64802|flag=1|multi=4.0000|len=448,0.0,0.0,0.0,0.0,0.0,0.0,,0.0,0.0,0.0
gene_100341|GeneMark.hmm|1320_nt|-|3|1322|>k141_64807|flag=1|multi=3.0000|len=1322,0.0,0.0,0.0,,0.0,,0.0,0.0,0.0,0.0
gene_100367|GeneMark.hmm|1122_nt|-|1|1122|>k141_64823|flag=1|multi=3.0000|len=2151,0.0,0.0,0.0,0.0,0.0,0.0,0.0,,0.0,0.0
gene_10036|GeneMark.hmm|456_nt|-|1|456|>k141_9571|flag=1|multi=3.0000|len=456,0.0,0.0,0.0,0.0,0.0,0.0,,0.0,0.0,0.0
gene_100393|GeneMark.hmm|801_nt|-|3|803|>k141_66256|flag=1|multi=3.0000|len=803,0.0,0.0,0.0,0.0,0.0,0.0,0.0,0.0,,0.0
gene_100399|GeneMark.hmm|1749_nt|+|270|2018|>k141_64850|flag=1|multi=7.0000|len=2212,0.0,0.0,0.0,,0.0,,,0.0,,0.0
gene_10039|GeneMark.hmm|1254_nt|-|1|1254|>k141_9495|flag=1|multi=5.0000|len=1254,0.0,0.0,0.0,,0.0,,0.0,0.0,0.0,0.0
gene_10039|GeneMark.hmm|1317_nt|-|8626|9942|>k141_6757|flag=0|multi=14.9814|len=11493,0.0,0.0,0.0,0.0,0.0,0.0,0.0,0.0,,0.0
gene_1003|GeneMark.hmm|555_nt|+|1|555|>k141_897|flag=1|multi=4.0000|len=1685,0.0,0.0,0.0,0.0,0.0,,0.0,0.0,0.0,0.0
gene_100403|GeneMark.hmm|765_nt|-|2|766|>k141_60351|flag=1|multi=8.0000|len=15908,0.0,0.0,0.0,0.0,0.0,0.0,0.0,0.0,,0.0
gene_100404|GeneMark.hmm|4305_nt|-|771|5075|>k141_60351|flag=1|multi=8.0000|len=15908,0.0,0.0,0.0,0.0,0.0,0.0,0.0,,,0.0
gene_100404|GeneMark.hmm|723_nt|-|22|744|>k141_68441|flag=0|multi=9.9290|len=7995,0.0,0.0,0.0,0.0,0.0,0.0,0.0,,0.0,0.0
gene_100405|GeneMark.hmm|1320_nt|-|826|2145|>k141_68441|flag=0|multi=9.9290|len=7995,0.0,0.0,0.0,0.0,0.0,0.0,0.0,,0.0,0.0
gene_100406|GeneMark.hmm|1212_nt|-|5827|7038|>k141_60351|flag=1|multi=8.0000|len=15908,0.0,0.0,0.0,,0.0,0.0,0.0,0.0,,0.0
gene_100406|GeneMark.hmm|597_nt|-|2210|2806|>k141_68441|flag=0|multi=9.9290|len=7995,0.0,0.0,0.0,0.0,0.0,0.0,0.0,,0.0,0.0
gene_100407|GeneMark.hmm|1788_nt|-|2910|4697|>k141_68441|flag=0|multi=9.9290|len=7995,0.0,0.0,0.0,0.0,0.0,0.0,0.0,,0.0,0.0
gene_100408|GeneMark.hmm|1065_nt|-|4780|5844|>k141_68441|flag=0|multi=9.9290|len=7995,0.0,0.0,0.0,0.0,0.0,0.0,0.0,,0.0,0.0
gene_100409|GeneMark.hmm|486_nt|-|5923|6408|>k141_68441|flag=0|multi=9.9290|len=7995,0.0,0.0,0.0,0.0,0.0,0.0,0.0,,0.0,0.0
gene_100410|GeneMark.hmm|897_nt|-|6438|7334|>k141_68441|flag=0|multi=9.9290|len=7995,0.0,0.0,0.0,0.0,0.0,0.0,0.0,,0.0,0.0
gene_10041|GeneMark.hmm|1872_nt|-|272|2143|>k141_7637|flag=1|multi=5.0000|len=2145,0.0,0.0,0.0,0.0,0.0,,0.0,0.0,0.0,0.0
gene_10042|GeneMark.hmm|2013_nt|-|1109|3121|>k141_9499|flag=1|multi=4.0000|len=3121,0.0,0.0,0.0,,0.0,,,0.0,,0.0
gene_100434|GeneMark.hmm|753_nt|+|77|829|>k141_64870|flag=1|multi=5.0000|len=1159,0.0,0.0,0.0,0.0,0.0,0.0,,0.0,0.0,0.0
gene_100435|GeneMark.hmm|1743_nt|-|911|2653|>k141_62965|flag=1|multi=6.0000|len=3164,0.0,0.0,0.0,,0.0,,0.0,0.0,0.0,0.0
gene_10043|GeneMark.hmm|609_nt|-|64|672|>k141_8674|flag=1|multi=2.0000|len=673,,0.0,0.0,0.0,0.0,0.0,0.0,0.0,0.0,0.0
gene_100442|GeneMark.hmm|2412_nt|-|1503|3914|>k141_62081|flag=1|multi=5.0000|len=6663,0.0,0.0,0.0,0.0,0.0,0.0,0.0,0.0,,0.0
gene_100444|GeneMark.hmm|1560_nt|+|4618|6177|>k141_62081|flag=1|multi=5.0000|len=6663,0.0,0.0,0.0,0.0,0.0,0.0,,0.0,,0.0
gene_10044|GeneMark.hmm|540_nt|-|3|542|>k141_11096|flag=1|multi=3.0000|len=543,0.0,0.0,0.0,,0.0,0.0,0.0,0.0,0.0,0.0
gene_100459|GeneMark.hmm|450_nt|-|386|835|>k141_64887|flag=1|multi=4.0000|len=837,0.0,0.0,0.0,0.0,0.0,0.0,0.0,,0.0,0.0
gene_100459|GeneMark.hmm|885_nt|+|6105|6989|>k141_64727|flag=0|multi=22.5774|len=10017,0.0,0.0,0.0,,0.0,0.0,0.0,0.0,0.0,0.0
gene_100462|GeneMark.hmm|564_nt|-|5444|6007|>k141_62091|flag=0|multi=51.7690|len=110443,0.0,0.0,0.0,0.0,0.0,0.0,,0.0,0.0,0.0
gene_100468|GeneMark.hmm|633_nt|-|284|916|>k141_64893|flag=1|multi=4.0000|len=916,0.0,0.0,0.0,0.0,0.0,,0.0,0.0,0.0,0.0
gene_100469|GeneMark.hmm|1023_nt|-|1|1023|>k141_60388|flag=1|multi=5.0000|len=2380,0.0,0.0,0.0,0.0,0.0,0.0,0.0,0.0,,0.0
gene_100470|GeneMark.hmm|1149_nt|+|12973|14121|>k141_62091|flag=0|multi=51.7690|len=110443,0.0,0.0,0.0,,0.0,0.0,0.0,0.0,0.0,0.0
gene_100470|GeneMark.hmm|591_nt|-|314|904|>k141_64895|flag=1|multi=5.0000|len=905,0.0,0.0,0.0,0.0,0.0,,0.0,0.0,0.0,0.0
gene_100474|GeneMark.hmm|1236_nt|-|17923|19158|>k141_62091|flag=0|multi=51.7690|len=110443,0.0,0.0,0.0,0.0,0.0,0.0,,0.0,0.0,0.0
gene_100476|GeneMark.hmm|1155_nt|+|733|1887|>k141_64899|flag=1|multi=7.0000|len=3665,0.0,0.0,0.0,0.0,0.0,0.0,0.0,0.0,,0.0
gene_100476|GeneMark.hmm|1188_nt|-|19419|20606|>k141_62091|flag=0|multi=51.7690|len=110443,0.0,0.0,0.0,0.0,0.0,0.0,,0.0,0.0,0.0
gene_100477|GeneMark.hmm|996_nt|+|3|998|>k141_62996|flag=0|multi=63.6331|len=1103,0.0,0.0,0.0,,0.0,0.0,0.0,0.0,0.0,0.0
gene_100478|GeneMark.hmm|768_nt|+|21270|22037|>k141_62091|flag=0|multi=51.7690|len=110443,0.0,0.0,0.0,,0.0,0.0,0.0,0.0,0.0,0.0
gene_100481|GeneMark.hmm|1107_nt|-|24138|25244|>k141_62091|flag=0|multi=51.7690|len=110443,0.0,0.0,0.0,0.0,0.0,0.0,,0.0,0.0,0.0
gene_100481|GeneMark.hmm|2091_nt|+|398|2488|>k141_60393|flag=0|multi=28.7042|len=4780,0.0,0.0,0.0,0.0,0.0,0.0,0.0,,0.0,0.0
gene_100482|GeneMark.hmm|1128_nt|+|2473|3600|>k141_60393|flag=0|multi=28.7042|len=4780,0.0,0.0,0.0,0.0,0.0,0.0,0.0,,0.0,0.0
gene_100483|GeneMark.hmm|849_nt|-|1081|1929|>k141_63000|flag=1|multi=3.0000|len=2110,0.0,0.0,0.0,,0.0,0.0,0.0,0.0,0.0,0.0
gene_100488|GeneMark.hmm|2904_nt|+|32834|35737|>k141_62091|flag=0|multi=51.7690|len=110443,0.0,0.0,0.0,0.0,0.0,0.0,,0.0,0.0,0.0
gene_10048|GeneMark.hmm|1167_nt|-|1|1167|>k141_6855|flag=1|multi=3.0000|len=1226,0.0,0.0,0.0,,0.0,,0.0,0.0,0.0,0.0
gene_10048|GeneMark.hmm|915_nt|-|2|916|>k141_9580|flag=1|multi=3.0000|len=916,0.0,0.0,0.0,0.0,0.0,0.0,,0.0,0.0,0.0
gene_100490|GeneMark.hmm|1479_nt|+|37436|38914|>k141_62091|flag=0|multi=51.7690|len=110443,0.0,0.0,0.0,0.0,0.0,0.0,,0.0,0.0,0.0
gene_100490|GeneMark.hmm|339_nt|-|92|430|>k141_77784|flag=1|multi=3.0000|len=431,0.0,0.0,0.0,0.0,0.0,0.0,,0.0,0.0,0.0
gene_100492|GeneMark.hmm|2082_nt|-|40742|42823|>k141_62091|flag=0|multi=51.7690|len=110443,0.0,0.0,0.0,,0.0,0.0,,0.0,0.0,0.0
gene_100493|GeneMark.hmm|5502_nt|+|42949|48450|>k141_62091|flag=0|multi=51.7690|len=110443,0.0,0.0,0.0,,0.0,0.0,,0.0,0.0,0.0
gene_100495|GeneMark.hmm|1110_nt|+|49528|50637|>k141_62091|flag=0|multi=51.7690|len=110443,0.0,0.0,0.0,,0.0,0.0,,0.0,0.0,0.0
gene_100495|GeneMark.hmm|2964_nt|-|1|2964|>k141_63011|flag=0|multi=82.0380|len=9936,0.0,0.0,0.0,,0.0,0.0,0.0,0.0,0.0,0.0
gene_100497|GeneMark.hmm|927_nt|+|4541|5467|>k141_63011|flag=0|multi=82.0380|len=9936,0.0,0.0,0.0,0.0,0.0,0.0,0.0,0.0,,0.0
gene_100498|GeneMark.hmm|1176_nt|+|5565|6740|>k141_63011|flag=0|multi=82.0380|len=9936,0.0,0.0,0.0,,0.0,0.0,0.0,0.0,0.0,0.0
gene_100499|GeneMark.hmm|714_nt|+|53237|53950|>k141_62091|flag=0|multi=51.7690|len=110443,0.0,0.0,0.0,,0.0,0.0,0.0,0.0,0.0,0.0
gene_10049|GeneMark.hmm|303_nt|-|2|304|>k141_11101|flag=1|multi=3.0000|len=304,0.0,0.0,0.0,,0.0,0.0,0.0,0.0,0.0,0.0
gene_10049|GeneMark.hmm|570_nt|-|999|1568|>k141_6336|flag=1|multi=6.0000|len=1702,0.0,0.0,0.0,,0.0,0.0,0.0,0.0,0.0,0.0
gene_100500|GeneMark.hmm|981_nt|+|54010|54990|>k141_62091|flag=0|multi=51.7690|len=110443,0.0,0.0,0.0,0.0,0.0,0.0,,0.0,0.0,0.0
gene_100501|GeneMark.hmm|1278_nt|+|14171|15448|>k141_50237|flag=0|multi=79.2200|len=16351,0.0,0.0,0.0,0.0,0.0,0.0,0.0,0.0,,0.0
gene_100506|GeneMark.hmm|1665_nt|-|163|1827|>k141_64923|flag=1|multi=7.0000|len=3206,0.0,0.0,0.0,0.0,0.0,0.0,0.0,,,0.0
gene_100513|GeneMark.hmm|1113_nt|+|68887|69999|>k141_62091|flag=0|multi=51.7690|len=110443,0.0,0.0,0.0,0.0,0.0,0.0,,0.0,0.0,0.0
gene_100514|GeneMark.hmm|1086_nt|-|69941|71026|>k141_62091|flag=0|multi=51.7690|len=110443,0.0,0.0,0.0,0.0,0.0,0.0,,0.0,0.0,0.0
gene_100516|GeneMark.hmm|840_nt|-|72136|72975|>k141_62091|flag=0|multi=51.7690|len=110443,0.0,0.0,0.0,0.0,0.0,0.0,,0.0,0.0,0.0
gene_100518|GeneMark.hmm|480_nt|+|1|480|>k141_64930|flag=1|multi=4.0000|len=1015,0.0,0.0,0.0,,0.0,0.0,0.0,0.0,,0.0
gene_10051|GeneMark.hmm|897_nt|-|3|899|>k141_9583|flag=1|multi=3.0000|len=900,0.0,0.0,0.0,0.0,0.0,0.0,,0.0,0.0,0.0
gene_100523|GeneMark.hmm|933_nt|+|51|983|>k141_63029|flag=1|multi=5.0000|len=1302,0.0,0.0,0.0,,0.0,0.0,0.0,0.0,0.0,0.0
gene_100524|GeneMark.hmm|1278_nt|-|1664|2941|>k141_64934|flag=1|multi=8.0000|len=2941,0.0,0.0,0.0,0.0,0.0,,0.0,0.0,,0.0
gene_100526|GeneMark.hmm|2466_nt|-|85564|88029|>k141_62091|flag=0|multi=51.7690|len=110443,0.0,0.0,0.0,0.0,0.0,0.0,,0.0,0.0,0.0
gene_100530|GeneMark.hmm|1095_nt|+|184|1278|>k141_66357|flag=1|multi=13.0000|len=1557,0.0,0.0,0.0,0.0,0.0,0.0,0.0,0.0,,0.0
gene_100535|GeneMark.hmm|1944_nt|+|98050|99993|>k141_62091|flag=0|multi=51.7690|len=110443,0.0,0.0,0.0,,0.0,0.0,0.0,0.0,0.0,0.0
gene_100537|GeneMark.hmm|1197_nt|+|101344|102540|>k141_62091|flag=0|multi=51.7690|len=110443,0.0,0.0,0.0,,0.0,0.0,0.0,0.0,0.0,0.0
gene_100537|GeneMark.hmm|1434_nt|+|6697|8130|>k141_63034|flag=0|multi=11.0014|len=16240,0.0,0.0,0.0,,0.0,0.0,0.0,0.0,0.0,0.0
gene_100543|GeneMark.hmm|786_nt|+|12740|13525|>k141_63034|flag=0|multi=11.0014|len=16240,0.0,0.0,0.0,,0.0,0.0,0.0,0.0,0.0,0.0
gene_100544|GeneMark.hmm|1089_nt|+|14979|16067|>k141_63034|flag=0|multi=11.0014|len=16240,0.0,0.0,0.0,,0.0,0.0,0.0,0.0,0.0,0.0
gene_100556|GeneMark.hmm|2904_nt|+|2979|5882|>k141_68540|flag=0|multi=10.9277|len=57466,0.0,0.0,0.0,0.0,0.0,0.0,0.0,,0.0,0.0
gene_100557|GeneMark.hmm|954_nt|-|5991|6944|>k141_68540|flag=0|multi=10.9277|len=57466,0.0,0.0,0.0,0.0,0.0,0.0,0.0,,0.0,0.0
gene_100558|GeneMark.hmm|870_nt|-|7010|7879|>k141_68540|flag=0|multi=10.9277|len=57466,0.0,0.0,0.0,0.0,0.0,0.0,0.0,,0.0,0.0
gene_100559|GeneMark.hmm|1125_nt|+|218|1342|>k141_64960|flag=1|multi=5.0000|len=1662,0.0,0.0,0.0,,0.0,,0.0,0.0,0.0,0.0
gene_100560|GeneMark.hmm|390_nt|-|9212|9601|>k141_68540|flag=0|multi=10.9277|len=57466,0.0,0.0,0.0,0.0,0.0,0.0,0.0,,0.0,0.0
gene_100563|GeneMark.hmm|1035_nt|-|10902|11936|>k141_68540|flag=0|multi=10.9277|len=57466,0.0,0.0,0.0,0.0,0.0,0.0,0.0,,0.0,0.0
gene_100564|GeneMark.hmm|567_nt|-|148|714|>k141_68797|flag=1|multi=6.0000|len=3167,0.0,0.0,0.0,0.0,0.0,0.0,0.0,0.0,,0.0
gene_100565|GeneMark.hmm|1014_nt|-|12457|13470|>k141_68540|flag=0|multi=10.9277|len=57466,0.0,0.0,0.0,0.0,0.0,0.0,0.0,,0.0,0.0
gene_100565|GeneMark.hmm|1038_nt|-|789|1826|>k141_68797|flag=1|multi=6.0000|len=3167,0.0,0.0,0.0,0.0,0.0,0.0,0.0,0.0,,0.0
gene_100566|GeneMark.hmm|777_nt|-|1866|2642|>k141_68797|flag=1|multi=6.0000|len=3167,0.0,0.0,0.0,0.0,0.0,0.0,0.0,0.0,,0.0
gene_100566|GeneMark.hmm|975_nt|-|13540|14514|>k141_68540|flag=0|multi=10.9277|len=57466,0.0,0.0,0.0,0.0,0.0,0.0,0.0,,0.0,0.0
gene_100567|GeneMark.hmm|1215_nt|-|14832|16046|>k141_68540|flag=0|multi=10.9277|len=57466,0.0,0.0,0.0,0.0,0.0,0.0,0.0,,0.0,0.0
gene_100568|GeneMark.hmm|2691_nt|-|16171|18861|>k141_68540|flag=0|multi=10.9277|len=57466,0.0,0.0,0.0,0.0,0.0,0.0,0.0,,0.0,0.0
gene_100569|GeneMark.hmm|771_nt|-|18958|19728|>k141_68540|flag=0|multi=10.9277|len=57466,0.0,0.0,0.0,0.0,0.0,0.0,0.0,,0.0,0.0
gene_10056|GeneMark.hmm|573_nt|-|79|651|>k141_8368|flag=1|multi=4.0000|len=1420,0.0,0.0,0.0,0.0,0.0,0.0,0.0,,0.0,0.0
gene_100570|GeneMark.hmm|1296_nt|-|113|1408|>k141_62111|flag=1|multi=9.0000|len=4093,0.0,0.0,0.0,0.0,0.0,0.0,0.0,,0.0,0.0
gene_100571|GeneMark.hmm|2112_nt|-|1450|3561|>k141_62111|flag=1|multi=9.0000|len=4093,0.0,0.0,0.0,0.0,0.0,0.0,0.0,,0.0,0.0
gene_100572|GeneMark.hmm|1329_nt|+|22183|23511|>k141_68540|flag=0|multi=10.9277|len=57466,0.0,0.0,0.0,0.0,0.0,0.0,0.0,,0.0,0.0
gene_100573|GeneMark.hmm|1857_nt|+|23549|25405|>k141_68540|flag=0|multi=10.9277|len=57466,0.0,0.0,0.0,0.0,0.0,0.0,0.0,,0.0,0.0
gene_100574|GeneMark.hmm|417_nt|+|25469|25885|>k141_68540|flag=0|multi=10.9277|len=57466,0.0,0.0,0.0,0.0,0.0,0.0,0.0,,0.0,0.0
gene_100574|GeneMark.hmm|900_nt|+|4061|4960|>k141_63051|flag=1|multi=11.0000|len=30060,0.0,0.0,0.0,,0.0,0.0,0.0,0.0,0.0,0.0
gene_100575|GeneMark.hmm|4248_nt|-|25981|30228|>k141_68540|flag=0|multi=10.9277|len=57466,0.0,0.0,0.0,0.0,0.0,0.0,0.0,,0.0,0.0
gene_100576|GeneMark.hmm|1743_nt|-|30274|32016|>k141_68540|flag=0|multi=10.9277|len=57466,0.0,0.0,0.0,0.0,0.0,0.0,0.0,,0.0,0.0
gene_100577|GeneMark.hmm|597_nt|-|32022|32618|>k141_68540|flag=0|multi=10.9277|len=57466,0.0,0.0,0.0,0.0,0.0,0.0,0.0,,0.0,0.0
gene_100579|GeneMark.hmm|603_nt|+|32959|33561|>k141_68540|flag=0|multi=10.9277|len=57466,0.0,0.0,0.0,0.0,0.0,0.0,0.0,,0.0,0.0
gene_100580|GeneMark.hmm|693_nt|-|33582|34274|>k141_68540|flag=0|multi=10.9277|len=57466,0.0,0.0,0.0,0.0,0.0,0.0,0.0,,0.0,0.0
gene_100581|GeneMark.hmm|450_nt|-|34280|34729|>k141_68540|flag=0|multi=10.9277|len=57466,0.0,0.0,0.0,0.0,0.0,0.0,0.0,,0.0,0.0
gene_100583|GeneMark.hmm|2706_nt|-|36417|39122|>k141_68540|flag=0|multi=10.9277|len=57466,0.0,0.0,0.0,0.0,0.0,0.0,0.0,,0.0,0.0
gene_100584|GeneMark.hmm|546_nt|-|39125|39670|>k141_68540|flag=0|multi=10.9277|len=57466,0.0,0.0,0.0,0.0,0.0,0.0,0.0,,0.0,0.0
gene_100589|GeneMark.hmm|1014_nt|+|44317|45330|>k141_68540|flag=0|multi=10.9277|len=57466,0.0,0.0,0.0,0.0,0.0,0.0,0.0,,0.0,0.0
gene_100593|GeneMark.hmm|909_nt|-|47556|48464|>k141_68540|flag=0|multi=10.9277|len=57466,0.0,0.0,0.0,0.0,0.0,0.0,0.0,,0.0,0.0
gene_100594|GeneMark.hmm|2661_nt|+|48651|51311|>k141_68540|flag=0|multi=10.9277|len=57466,0.0,0.0,0.0,0.0,0.0,0.0,0.0,,0.0,0.0
gene_100627|GeneMark.hmm|1230_nt|+|1186|2415|>k141_68560|flag=1|multi=4.0000|len=2869,0.0,0.0,0.0,0.0,0.0,0.0,,0.0,0.0,0.0
gene_100634|GeneMark.hmm|2766_nt|+|2|2767|>k141_68410|flag=1|multi=6.0000|len=5912,0.0,0.0,0.0,0.0,0.0,0.0,,0.0,0.0,0.0
gene_100635|GeneMark.hmm|1728_nt|+|2878|4605|>k141_68410|flag=1|multi=6.0000|len=5912,0.0,0.0,0.0,0.0,0.0,0.0,,0.0,0.0,0.0
gene_100635|GeneMark.hmm|843_nt|-|232|1074|>k141_68847|flag=1|multi=3.0000|len=1074,0.0,0.0,0.0,0.0,0.0,0.0,0.0,0.0,,0.0
gene_100647|GeneMark.hmm|633_nt|-|764|1396|>k141_68421|flag=1|multi=5.0000|len=3199,0.0,0.0,0.0,0.0,0.0,0.0,,0.0,0.0,0.0
gene_100649|GeneMark.hmm|936_nt|-|2058|2993|>k141_68421|flag=1|multi=5.0000|len=3199,0.0,0.0,0.0,0.0,0.0,0.0,,0.0,0.0,0.0
gene_10066|GeneMark.hmm|3855_nt|-|131|3985|>k141_6348|flag=1|multi=9.0000|len=4136,0.0,0.0,0.0,0.0,0.0,0.0,,0.0,,0.0
gene_10067|GeneMark.hmm|1167_nt|-|867|2033|>k141_7913|flag=1|multi=4.0000|len=2170,0.0,0.0,0.0,0.0,0.0,,,0.0,0.0,0.0
gene_100681|GeneMark.hmm|1647_nt|+|1|1647|>k141_65045|flag=1|multi=6.0000|len=3053,0.0,0.0,0.0,0.0,0.0,0.0,0.0,0.0,,0.0
gene_1006|GeneMark.hmm|504_nt|+|2|505|>k141_1122|flag=1|multi=3.0000|len=699,0.0,0.0,0.0,0.0,0.0,,0.0,0.0,0.0,0.0
gene_100707|GeneMark.hmm|846_nt|+|1229|2074|>k141_66454|flag=1|multi=5.0000|len=2136,0.0,0.0,0.0,0.0,0.0,0.0,,0.0,0.0,0.0
gene_10070|GeneMark.hmm|948_nt|-|1|948|>k141_9525|flag=1|multi=3.0000|len=1356,0.0,0.0,0.0,0.0,0.0,,0.0,0.0,0.0,0.0
gene_10072|GeneMark.hmm|453_nt|-|1|453|>k141_9527|flag=1|multi=2.0000|len=455,0.0,0.0,0.0,0.0,0.0,,0.0,0.0,0.0,0.0
gene_100730|GeneMark.hmm|1053_nt|+|225|1277|>k141_68925|flag=1|multi=3.0000|len=1547,0.0,0.0,0.0,0.0,0.0,0.0,0.0,0.0,,0.0
gene_10074|GeneMark.hmm|519_nt|-|3|521|>k141_9600|flag=1|multi=3.0000|len=523,0.0,0.0,0.0,0.0,0.0,0.0,,0.0,0.0,0.0
gene_10074|GeneMark.hmm|750_nt|-|3|752|>k141_7790|flag=1|multi=5.0000|len=753,0.0,0.0,0.0,0.0,0.0,,,0.0,0.0,0.0
gene_100750|GeneMark.hmm|660_nt|-|3|662|>k141_68939|flag=1|multi=6.0000|len=662,0.0,0.0,0.0,0.0,0.0,0.0,,0.0,0.0,0.0
gene_100765|GeneMark.hmm|1323_nt|-|10|1332|>k141_65094|flag=0|multi=71.0000|len=1454,0.0,0.0,0.0,0.0,0.0,,0.0,0.0,0.0,0.0
gene_100777|GeneMark.hmm|2190_nt|+|1|2190|>k141_65104|flag=1|multi=6.0000|len=3268,0.0,,0.0,0.0,0.0,,0.0,0.0,0.0,0.0
gene_100788|GeneMark.hmm|5577_nt|+|580|6156|>k141_65108|flag=1|multi=7.0000|len=10352,0.0,,0.0,0.0,0.0,,0.0,0.0,,0.0
gene_100791|GeneMark.hmm|717_nt|+|7199|7915|>k141_65108|flag=1|multi=7.0000|len=10352,0.0,0.0,0.0,0.0,0.0,,0.0,0.0,0.0,0.0
gene_100792|GeneMark.hmm|1497_nt|+|8013|9509|>k141_65108|flag=1|multi=7.0000|len=10352,0.0,0.0,0.0,0.0,0.0,,0.0,0.0,0.0,0.0
gene_100817|GeneMark.hmm|927_nt|+|1948|2874|>k141_65129|flag=1|multi=6.0000|len=3482,0.0,0.0,0.0,0.0,0.0,,0.0,0.0,0.0,0.0
gene_10081|GeneMark.hmm|822_nt|-|145|966|>k141_6877|flag=1|multi=3.0000|len=968,0.0,0.0,0.0,0.0,0.0,0.0,,0.0,0.0,0.0
gene_100848|GeneMark.hmm|984_nt|-|1421|2404|>k141_65145|flag=1|multi=6.0000|len=5717,0.0,0.0,0.0,0.0,0.0,0.0,,0.0,0.0,0.0
gene_100850|GeneMark.hmm|1212_nt|+|328|1539|>k141_63225|flag=1|multi=5.0000|len=3306,0.0,0.0,0.0,0.0,0.0,,0.0,0.0,0.0,0.0
gene_100854|GeneMark.hmm|2589_nt|+|650|3238|>k141_60644|flag=1|multi=9.0000|len=12065,0.0,0.0,0.0,0.0,0.0,,0.0,0.0,0.0,0.0
gene_10085|GeneMark.hmm|417_nt|-|418|834|>k141_11134|flag=1|multi=2.0000|len=835,0.0,0.0,0.0,0.0,0.0,,0.0,0.0,0.0,0.0
gene_10087|GeneMark.hmm|537_nt|-|3|539|>k141_9540|flag=1|multi=4.0000|len=541,0.0,0.0,0.0,0.0,0.0,,0.0,0.0,0.0,0.0
gene_100885|GeneMark.hmm|1104_nt|+|2415|3518|>k141_65168|flag=1|multi=19.0018|len=19868,0.0,0.0,0.0,0.0,0.0,,0.0,0.0,0.0,0.0
gene_100890|GeneMark.hmm|705_nt|-|7871|8575|>k141_65168|flag=1|multi=19.0018|len=19868,0.0,0.0,0.0,0.0,0.0,,0.0,0.0,0.0,0.0
gene_100894|GeneMark.hmm|660_nt|-|11688|12347|>k141_65168|flag=1|multi=19.0018|len=19868,0.0,0.0,0.0,0.0,0.0,,0.0,0.0,0.0,0.0
gene_10093|GeneMark.hmm|714_nt|-|3870|4583|>k141_6967|flag=1|multi=5.0000|len=4818,0.0,0.0,0.0,0.0,0.0,,0.0,0.0,0.0,0.0
gene_100940|GeneMark.hmm|1074_nt|+|146|1219|>k141_78081|flag=1|multi=5.0000|len=1310,0.0,0.0,0.0,0.0,0.0,,0.0,0.0,0.0,0.0
gene_100950|GeneMark.hmm|1767_nt|-|62|1828|>k141_62334|flag=1|multi=5.0000|len=1829,,0.0,0.0,0.0,0.0,0.0,0.0,0.0,0.0,0.0
gene_100982|GeneMark.hmm|2364_nt|-|2|2365|>k141_65227|flag=1|multi=5.0000|len=4380,0.0,0.0,0.0,0.0,0.0,,0.0,0.0,0.0,0.0
gene_10098|GeneMark.hmm|603_nt|-|333|935|>k141_9548|flag=1|multi=3.0000|len=936,0.0,0.0,0.0,0.0,0.0,,0.0,0.0,0.0,0.0
gene_101022|GeneMark.hmm|780_nt|+|2|781|>k141_78152|flag=1|multi=3.0000|len=1209,0.0,0.0,0.0,0.0,0.0,,0.0,0.0,0.0,0.0
gene_101030|GeneMark.hmm|861_nt|-|385|1245|>k141_63337|flag=1|multi=4.0000|len=1549,0.0,0.0,0.0,0.0,0.0,,0.0,0.0,0.0,0.0
gene_10105|GeneMark.hmm|597_nt|+|1241|1837|>k141_6982|flag=1|multi=4.0000|len=3256,0.0,0.0,0.0,0.0,0.0,,0.0,0.0,0.0,0.0
gene_10106|GeneMark.hmm|549_nt|-|1|549|>k141_9555|flag=1|multi=4.0000|len=549,0.0,0.0,0.0,0.0,0.0,,0.0,0.0,0.0,0.0
gene_10107|GeneMark.hmm|951_nt|-|2|952|>k141_6894|flag=1|multi=4.0000|len=954,0.0,0.0,0.0,0.0,0.0,,0.0,0.0,0.0,0.0
gene_101082|GeneMark.hmm|852_nt|-|901|1752|>k141_65283|flag=1|multi=5.0000|len=1753,0.0,0.0,0.0,0.0,0.0,,0.0,0.0,0.0,0.0
gene_10123|GeneMark.hmm|321_nt|-|146|466|>k141_11171|flag=1|multi=2.0000|len=466,0.0,0.0,,0.0,0.0,0.0,0.0,0.0,0.0,0.0
gene_101580|GeneMark.hmm|1452_nt|+|554|2005|>k141_65614|flag=1|multi=13.0000|len=2488,0.0,,0.0,0.0,0.0,0.0,0.0,0.0,0.0,0.0
gene_10158|GeneMark.hmm|402_nt|-|3|404|>k141_9596|flag=1|multi=3.0000|len=406,,0.0,0.0,0.0,0.0,0.0,0.0,0.0,0.0,0.0
gene_101884|GeneMark.hmm|2673_nt|+|10682|13354|>k141_71320|flag=1|multi=9.0000|len=14845,0.0,,0.0,0.0,0.0,0.0,0.0,0.0,0.0,0.0
gene_102134|GeneMark.hmm|960_nt|-|3020|3979|>k141_65943|flag=1|multi=6.0000|len=10116,0.0,,0.0,0.0,0.0,0.0,0.0,0.0,0.0,0.0
gene_10233|GeneMark.hmm|276_nt|-|119|394|>k141_8743|flag=1|multi=2.0000|len=737,0.0,,0.0,0.0,0.0,0.0,0.0,0.0,0.0,0.0
gene_1025|GeneMark.hmm|420_nt|+|2|421|>k141_1276|flag=1|multi=3.0000|len=538,,0.0,0.0,0.0,0.0,0.0,0.0,0.0,0.0,0.0
gene_102689|GeneMark.hmm|1320_nt|-|3|1322|>k141_63503|flag=1|multi=5.0000|len=3496,,0.0,0.0,0.0,0.0,0.0,0.0,0.0,0.0,0.0
gene_102691|GeneMark.hmm|930_nt|+|2043|2972|>k141_63503|flag=1|multi=5.0000|len=3496,,0.0,0.0,0.0,0.0,0.0,0.0,0.0,0.0,0.0
gene_10274|GeneMark.hmm|654_nt|+|406|1059|>k141_9707|flag=1|multi=5.0000|len=1189,0.0,,0.0,0.0,0.0,0.0,0.0,0.0,0.0,0.0
gene_103071|GeneMark.hmm|792_nt|-|3|794|>k141_66548|flag=1|multi=4.0000|len=1097,0.0,,0.0,0.0,0.0,0.0,0.0,0.0,0.0,0.0
gene_103161|GeneMark.hmm|486_nt|+|3|488|>k141_64902|flag=1|multi=3.0000|len=584,0.0,0.0,,0.0,0.0,0.0,0.0,0.0,0.0,0.0
gene_1032|GeneMark.hmm|399_nt|-|26|424|>k141_986|flag=1|multi=2.0000|len=424,,0.0,0.0,0.0,0.0,0.0,0.0,0.0,0.0,0.0
gene_103950|GeneMark.hmm|2061_nt|-|3120|5180|>k141_65231|flag=1|multi=5.0000|len=5181,0.0,0.0,,0.0,0.0,0.0,0.0,0.0,0.0,0.0
gene_103957|GeneMark.hmm|1227_nt|-|235|1461|>k141_67071|flag=1|multi=3.0000|len=1497,0.0,0.0,,0.0,0.0,0.0,0.0,0.0,0.0,0.0
gene_104005|GeneMark.hmm|1461_nt|-|76|1536|>k141_67107|flag=0|multi=142.0000|len=1792,0.0,0.0,,0.0,0.0,0.0,0.0,0.0,0.0,0.0
gene_10405|GeneMark.hmm|951_nt|-|1|951|>k141_9868|flag=1|multi=3.0000|len=953,0.0,,0.0,0.0,0.0,0.0,0.0,0.0,0.0,0.0
gene_104111|GeneMark.hmm|1035_nt|-|1|1035|>k141_67158|flag=1|multi=8.0000|len=1553,0.0,,0.0,0.0,0.0,0.0,0.0,0.0,0.0,0.0
gene_104223|GeneMark.hmm|606_nt|-|1|606|>k141_63527|flag=1|multi=4.0000|len=1165,0.0,,0.0,0.0,0.0,0.0,0.0,0.0,0.0,0.0
gene_10469|GeneMark.hmm|699_nt|-|2|700|>k141_11537|flag=1|multi=2.0000|len=702,0.0,0.0,,0.0,0.0,0.0,0.0,0.0,0.0,0.0
gene_104771|GeneMark.hmm|1506_nt|+|723|2228|>k141_65711|flag=1|multi=6.0000|len=5829,0.0,,0.0,0.0,0.0,0.0,0.0,0.0,0.0,0.0
gene_10517|GeneMark.hmm|705_nt|-|3|707|>k141_11584|flag=1|multi=2.0000|len=707,0.0,0.0,,0.0,0.0,0.0,0.0,0.0,0.0,0.0
gene_10531|GeneMark.hmm|1050_nt|-|126|1175|>k141_7089|flag=1|multi=5.0000|len=2039,,0.0,0.0,0.0,0.0,0.0,0.0,0.0,0.0,0.0
gene_105682|GeneMark.hmm|501_nt|+|2|502|>k141_81779|flag=1|multi=4.0000|len=567,0.0,,0.0,0.0,0.0,0.0,0.0,0.0,0.0,0.0
gene_105738|GeneMark.hmm|849_nt|-|471|1319|>k141_65311|flag=1|multi=5.0000|len=2647,,0.0,0.0,0.0,0.0,0.0,0.0,0.0,0.0,0.0
gene_105741|GeneMark.hmm|864_nt|-|1783|2646|>k141_65311|flag=1|multi=5.0000|len=2647,,0.0,0.0,0.0,0.0,0.0,0.0,0.0,0.0,0.0
gene_105743|GeneMark.hmm|534_nt|-|101|634|>k141_69796|flag=1|multi=2.0000|len=636,0.0,0.0,,0.0,0.0,0.0,0.0,0.0,0.0,0.0
gene_10581|GeneMark.hmm|849_nt|-|3|851|>k141_7331|flag=1|multi=5.0000|len=2810,0.0,,0.0,0.0,0.0,0.0,0.0,0.0,0.0,0.0
gene_105878|GeneMark.hmm|591_nt|-|1|591|>k141_64529|flag=1|multi=4.0000|len=1341,0.0,,0.0,0.0,0.0,0.0,0.0,0.0,0.0,0.0
gene_10607|GeneMark.hmm|528_nt|-|2|529|>k141_7345|flag=1|multi=5.0000|len=529,0.0,0.0,,0.0,0.0,0.0,0.0,0.0,0.0,0.0
gene_106147|GeneMark.hmm|912_nt|+|2|913|>k141_65575|flag=1|multi=5.0000|len=1603,,0.0,0.0,0.0,0.0,0.0,0.0,0.0,0.0,0.0
gene_106574|GeneMark.hmm|1032_nt|-|626|1657|>k141_70372|flag=1|multi=3.0000|len=1659,0.0,0.0,,0.0,0.0,0.0,0.0,0.0,0.0,0.0
gene_106593|GeneMark.hmm|1902_nt|-|9471|11372|>k141_64550|flag=0|multi=31.0054|len=14484,0.0,0.0,,0.0,0.0,0.0,0.0,0.0,0.0,0.0
gene_106725|GeneMark.hmm|1707_nt|+|1|1707|>k141_70456|flag=1|multi=4.0000|len=3691,0.0,0.0,,0.0,0.0,0.0,0.0,0.0,0.0,0.0
gene_106819|GeneMark.hmm|795_nt|-|281|1075|>k141_70521|flag=1|multi=4.0000|len=1076,0.0,0.0,,0.0,0.0,0.0,0.0,0.0,0.0,0.0
gene_106939|GeneMark.hmm|657_nt|-|1|657|>k141_68990|flag=1|multi=3.0000|len=886,,0.0,0.0,0.0,0.0,0.0,0.0,0.0,0.0,0.0
gene_106955|GeneMark.hmm|1026_nt|+|3|1028|>k141_70620|flag=1|multi=5.0000|len=1954,0.0,0.0,,0.0,0.0,0.0,0.0,0.0,0.0,0.0
gene_106970|GeneMark.hmm|546_nt|+|1|546|>k141_66127|flag=1|multi=4.0000|len=632,,0.0,0.0,0.0,0.0,0.0,0.0,0.0,0.0,0.0
gene_107137|GeneMark.hmm|930_nt|-|3372|4301|>k141_65354|flag=1|multi=6.0000|len=4364,0.0,,0.0,0.0,0.0,0.0,0.0,0.0,0.0,0.0
gene_1074|GeneMark.hmm|756_nt|-|3|758|>k141_1039|flag=1|multi=2.0000|len=758,,0.0,0.0,0.0,0.0,0.0,0.0,0.0,0.0,0.0
gene_107892|GeneMark.hmm|909_nt|-|1|909|>k141_69525|flag=1|multi=3.0000|len=910,0.0,,0.0,0.0,0.0,0.0,0.0,0.0,0.0,0.0
gene_108180|GeneMark.hmm|2907_nt|+|101|3007|>k141_69704|flag=1|multi=7.0000|len=5555,0.0,,0.0,0.0,0.0,0.0,0.0,0.0,0.0,0.0
gene_108202|GeneMark.hmm|1302_nt|-|509|1810|>k141_69716|flag=1|multi=5.0000|len=2792,0.0,,0.0,0.0,0.0,0.0,0.0,0.0,0.0,0.0
gene_108220|GeneMark.hmm|870_nt|-|1|870|>k141_69727|flag=1|multi=6.0000|len=1740,0.0,,0.0,0.0,0.0,0.0,0.0,0.0,0.0,0.0
gene_108279|GeneMark.hmm|2322_nt|+|3015|5336|>k141_75788|flag=1|multi=7.0000|len=5595,0.0,,0.0,0.0,0.0,0.0,0.0,0.0,0.0,0.0
gene_10835|GeneMark.hmm|1512_nt|-|2|1513|>k141_7534|flag=1|multi=5.0000|len=1513,0.0,,0.0,0.0,0.0,0.0,0.0,0.0,0.0,0.0
gene_108376|GeneMark.hmm|1659_nt|-|1|1659|>k141_67091|flag=1|multi=5.0000|len=2728,,0.0,0.0,0.0,0.0,0.0,0.0,0.0,0.0,0.0
gene_108431|GeneMark.hmm|540_nt|-|748|1287|>k141_69859|flag=1|multi=4.0000|len=1288,,0.0,0.0,0.0,0.0,0.0,0.0,0.0,0.0,0.0
gene_108822|GeneMark.hmm|1002_nt|-|3|1004|>k141_70122|flag=1|multi=6.0000|len=1134,0.0,,0.0,0.0,0.0,0.0,0.0,0.0,0.0,0.0
gene_108|GeneMark.hmm|843_nt|-|1|843|>k141_193|flag=1|multi=3.0000|len=1136,0.0,,0.0,0.0,0.0,0.0,0.0,0.0,0.0,0.0
gene_109283|GeneMark.hmm|705_nt|-|264|968|>k141_70424|flag=1|multi=5.0000|len=1209,0.0,,0.0,0.0,0.0,0.0,0.0,0.0,0.0,0.0
gene_109452|GeneMark.hmm|417_nt|-|2|418|>k141_68633|flag=1|multi=2.0000|len=418,0.0,,0.0,0.0,0.0,0.0,0.0,0.0,0.0,0.0
gene_1094|GeneMark.hmm|450_nt|-|45|494|>k141_1361|flag=1|multi=2.0000|len=637,,0.0,0.0,0.0,0.0,0.0,0.0,0.0,0.0,0.0
gene_109531|GeneMark.hmm|1167_nt|+|3674|4840|>k141_70579|flag=1|multi=9.0000|len=5923,0.0,,0.0,0.0,0.0,0.0,0.0,0.0,0.0,0.0
gene_109656|GeneMark.hmm|1590_nt|-|90568|92157|>k141_72442|flag=0|multi=10.9995|len=114768,0.0,0.0,,0.0,0.0,0.0,0.0,0.0,0.0,0.0
gene_109676|GeneMark.hmm|870_nt|+|792|1661|>k141_70662|flag=1|multi=4.0000|len=1853,,0.0,0.0,0.0,0.0,0.0,0.0,0.0,0.0,0.0
gene_109|GeneMark.hmm|1149_nt|+|45|1193|>k141_203|flag=1|multi=4.0000|len=1581,0.0,0.0,,0.0,0.0,0.0,0.0,0.0,0.0,0.0
gene_110923|GeneMark.hmm|1821_nt|-|11444|13264|>k141_73283|flag=0|multi=40.2626|len=24626,0.0,0.0,,0.0,0.0,0.0,0.0,0.0,0.0,0.0
gene_111186|GeneMark.hmm|1152_nt|-|35|1186|>k141_68737|flag=1|multi=5.0000|len=1186,,0.0,0.0,0.0,0.0,0.0,0.0,0.0,0.0,0.0
gene_11180|GeneMark.hmm|858_nt|-|3|860|>k141_12234|flag=1|multi=3.0000|len=862,0.0,,0.0,0.0,0.0,0.0,0.0,0.0,0.0,0.0
gene_111861|GeneMark.hmm|660_nt|-|3|662|>k141_69164|flag=1|multi=5.0000|len=2725,,0.0,0.0,0.0,0.0,0.0,0.0,0.0,0.0,0.0
gene_11196|GeneMark.hmm|1107_nt|-|1|1107|>k141_10460|flag=1|multi=4.0000|len=1109,0.0,0.0,,0.0,0.0,0.0,0.0,0.0,0.0,0.0
gene_112177|GeneMark.hmm|1350_nt|+|5352|6701|>k141_74107|flag=0|multi=35.3209|len=7060,0.0,0.0,,0.0,0.0,0.0,0.0,0.0,0.0,0.0
gene_11228|GeneMark.hmm|3684_nt|+|4051|7734|>k141_7063|flag=1|multi=8.0000|len=11412,0.0,,0.0,0.0,0.0,0.0,0.0,0.0,0.0,0.0
gene_112424|GeneMark.hmm|4422_nt|+|297|4718|>k141_72267|flag=0|multi=20.9835|len=19191,0.0,0.0,,0.0,0.0,0.0,0.0,0.0,0.0,0.0
gene_11242|GeneMark.hmm|405_nt|-|3|407|>k141_7816|flag=1|multi=2.0000|len=407,0.0,,0.0,0.0,0.0,0.0,0.0,0.0,0.0,0.0
gene_11268|GeneMark.hmm|1017_nt|+|1735|2751|>k141_7558|flag=1|multi=5.0000|len=4150,,0.0,0.0,0.0,0.0,0.0,0.0,0.0,0.0,0.0
gene_112703|GeneMark.hmm|438_nt|-|1250|1687|>k141_72427|flag=1|multi=6.0000|len=4388,0.0,,0.0,0.0,0.0,0.0,0.0,0.0,0.0,0.0
gene_1127|GeneMark.hmm|1113_nt|-|501|1613|>k141_1392|flag=3|multi=11.0036|len=3204,,0.0,0.0,0.0,0.0,0.0,0.0,0.0,0.0,0.0
gene_1129|GeneMark.hmm|735_nt|-|2468|3202|>k141_1392|flag=3|multi=11.0036|len=3204,,0.0,0.0,0.0,0.0,0.0,0.0,0.0,0.0,0.0
gene_113148|GeneMark.hmm|1404_nt|+|1080|2483|>k141_72671|flag=1|multi=6.0000|len=5179,0.0,,0.0,0.0,0.0,0.0,0.0,0.0,0.0,0.0
gene_113354|GeneMark.hmm|516_nt|+|236|751|>k141_72801|flag=1|multi=5.0000|len=977,0.0,,0.0,0.0,0.0,0.0,0.0,0.0,0.0,0.0
gene_113697|GeneMark.hmm|1032_nt|-|4129|5160|>k141_69226|flag=1|multi=9.0000|len=7772,0.0,,0.0,0.0,0.0,0.0,0.0,0.0,0.0,0.0
gene_113820|GeneMark.hmm|873_nt|-|97|969|>k141_73126|flag=1|multi=4.0000|len=2658,,0.0,0.0,0.0,0.0,0.0,0.0,0.0,0.0,0.0
gene_113941|GeneMark.hmm|783_nt|+|2151|2933|>k141_71674|flag=0|multi=21.9263|len=3966,0.0,0.0,,0.0,0.0,0.0,0.0,0.0,0.0,0.0
gene_1139|GeneMark.hmm|1056_nt|-|2325|3380|>k141_1154|flag=0|multi=17.0000|len=3998,,0.0,0.0,0.0,0.0,0.0,0.0,0.0,0.0,0.0
gene_114007|GeneMark.hmm|705_nt|-|3456|4160|>k141_75351|flag=1|multi=7.0000|len=7062,0.0,0.0,,0.0,0.0,0.0,0.0,0.0,0.0,0.0
gene_114080|GeneMark.hmm|816_nt|+|2393|3208|>k141_73298|flag=1|multi=7.0000|len=4964,0.0,0.0,,0.0,0.0,0.0,0.0,0.0,0.0,0.0
gene_114615|GeneMark.hmm|843_nt|-|3|845|>k141_75774|flag=1|multi=4.0000|len=1659,0.0,0.0,,0.0,0.0,0.0,0.0,0.0,0.0,0.0
gene_1150|GeneMark.hmm|489_nt|-|3|491|>k141_1432|flag=1|multi=3.0000|len=491,,0.0,0.0,0.0,0.0,0.0,0.0,0.0,0.0,0.0
gene_115436|GeneMark.hmm|486_nt|+|2|487|>k141_71561|flag=1|multi=4.0000|len=1211,,0.0,0.0,0.0,0.0,0.0,0.0,0.0,0.0,0.0
gene_115465|GeneMark.hmm|1224_nt|+|936|2159|>k141_71584|flag=0|multi=10.0000|len=9926,,0.0,0.0,0.0,0.0,0.0,0.0,0.0,0.0,0.0
gene_115471|GeneMark.hmm|1548_nt|+|7076|8623|>k141_71584|flag=0|multi=10.0000|len=9926,,0.0,0.0,0.0,0.0,0.0,0.0,0.0,0.0,0.0
gene_115472|GeneMark.hmm|789_nt|+|8616|9404|>k141_71584|flag=0|multi=10.0000|len=9926,,0.0,0.0,0.0,0.0,0.0,0.0,0.0,0.0,0.0
gene_115516|GeneMark.hmm|7086_nt|-|437|7522|>k141_78719|flag=1|multi=6.0000|len=17443,0.0,0.0,,0.0,0.0,0.0,0.0,0.0,0.0,0.0
gene_115721|GeneMark.hmm|723_nt|-|1950|2672|>k141_71751|flag=1|multi=5.0000|len=4148,,0.0,0.0,0.0,0.0,0.0,0.0,0.0,0.0,0.0
gene_115722|GeneMark.hmm|2991_nt|-|57078|60068|>k141_76467|flag=1|multi=22.0000|len=94468,0.0,0.0,,0.0,0.0,0.0,0.0,0.0,0.0,0.0
gene_115824|GeneMark.hmm|1176_nt|-|2855|4030|>k141_70441|flag=1|multi=5.0000|len=4030,0.0,,0.0,0.0,0.0,0.0,0.0,0.0,0.0,0.0
gene_115925|GeneMark.hmm|2061_nt|-|10372|12432|>k141_76576|flag=1|multi=7.5425|len=15865,0.0,0.0,,0.0,0.0,0.0,0.0,0.0,0.0,0.0
gene_116165|GeneMark.hmm|1080_nt|+|1160|2239|>k141_70662|flag=1|multi=6.0000|len=6487,0.0,,0.0,0.0,0.0,0.0,0.0,0.0,0.0,0.0
gene_116166|GeneMark.hmm|4044_nt|-|2442|6485|>k141_70662|flag=1|multi=6.0000|len=6487,0.0,,0.0,0.0,0.0,0.0,0.0,0.0,0.0,0.0
gene_116262|GeneMark.hmm|1392_nt|+|6317|7708|>k141_70716|flag=1|multi=5.0000|len=10311,0.0,,0.0,0.0,0.0,0.0,0.0,0.0,0.0,0.0
gene_116773|GeneMark.hmm|795_nt|-|485|1279|>k141_77129|flag=1|multi=4.0000|len=1868,0.0,0.0,,0.0,0.0,0.0,0.0,0.0,0.0,0.0
gene_116898|GeneMark.hmm|603_nt|+|3|605|>k141_72494|flag=1|multi=3.0000|len=682,,0.0,0.0,0.0,0.0,0.0,0.0,0.0,0.0,0.0
gene_1168|GeneMark.hmm|351_nt|-|3|353|>k141_1456|flag=1|multi=4.0000|len=353,,0.0,0.0,0.0,0.0,0.0,0.0,0.0,0.0,0.0
gene_116957|GeneMark.hmm|600_nt|-|3|602|>k141_75077|flag=1|multi=3.0000|len=604,0.0,,0.0,0.0,0.0,0.0,0.0,0.0,0.0,0.0
gene_116961|GeneMark.hmm|813_nt|-|1|813|>k141_70685|flag=1|multi=6.0000|len=5330,0.0,,0.0,0.0,0.0,0.0,0.0,0.0,0.0,0.0
gene_117265|GeneMark.hmm|1338_nt|-|1963|3300|>k141_77449|flag=0|multi=127.0475|len=16734,0.0,0.0,,0.0,0.0,0.0,0.0,0.0,0.0,0.0
gene_117266|GeneMark.hmm|960_nt|-|3297|4256|>k141_77449|flag=0|multi=127.0475|len=16734,0.0,0.0,,0.0,0.0,0.0,0.0,0.0,0.0,0.0
gene_117483|GeneMark.hmm|1398_nt|+|746|2143|>k141_75407|flag=1|multi=6.0000|len=2253,0.0,,0.0,0.0,0.0,0.0,0.0,0.0,0.0,0.0
gene_117622|GeneMark.hmm|1152_nt|-|2|1153|>k141_72919|flag=1|multi=5.2760|len=1572,,0.0,0.0,0.0,0.0,0.0,0.0,0.0,0.0,0.0
gene_117787|GeneMark.hmm|1968_nt|+|3|1970|>k141_90759|flag=1|multi=11.0000|len=22689,0.0,0.0,,0.0,0.0,0.0,0.0,0.0,0.0,0.0
gene_117894|GeneMark.hmm|1050_nt|+|993|2042|>k141_75665|flag=1|multi=6.0000|len=2499,0.0,0.0,,0.0,0.0,0.0,0.0,0.0,0.0,0.0
gene_117919|GeneMark.hmm|987_nt|-|4190|5176|>k141_74361|flag=1|multi=7.0000|len=7812,0.0,,0.0,0.0,0.0,0.0,0.0,0.0,0.0,0.0
gene_118005|GeneMark.hmm|1494_nt|-|8|1501|>k141_73171|flag=1|multi=5.0000|len=2062,,0.0,0.0,0.0,0.0,0.0,0.0,0.0,0.0,0.0
gene_118307|GeneMark.hmm|1026_nt|-|369|1394|>k141_75945|flag=1|multi=4.0000|len=1458,0.0,0.0,,0.0,0.0,0.0,0.0,0.0,0.0,0.0
gene_118309|GeneMark.hmm|402_nt|-|2|403|>k141_75947|flag=1|multi=4.0000|len=701,0.0,,0.0,0.0,0.0,0.0,0.0,0.0,0.0,0.0
gene_118422|GeneMark.hmm|1851_nt|-|89|1939|>k141_71981|flag=1|multi=4.0000|len=1940,0.0,,0.0,0.0,0.0,0.0,0.0,0.0,0.0,0.0
gene_11843|GeneMark.hmm|924_nt|-|157|1080|>k141_10115|flag=1|multi=18.2975|len=1388,,0.0,0.0,0.0,0.0,0.0,0.0,0.0,0.0,0.0
gene_118611|GeneMark.hmm|1194_nt|-|1|1194|>k141_72079|flag=1|multi=5.0000|len=1196,0.0,,0.0,0.0,0.0,0.0,0.0,0.0,0.0,0.0
gene_119029|GeneMark.hmm|1092_nt|-|97|1188|>k141_58865|flag=1|multi=8.0000|len=1813,0.0,,0.0,0.0,0.0,0.0,0.0,0.0,0.0,0.0
gene_119142|GeneMark.hmm|753_nt|+|63809|64561|>k141_72369|flag=0|multi=495.0000|len=125092,0.0,,0.0,0.0,0.0,0.0,0.0,0.0,0.0,0.0
gene_119280|GeneMark.hmm|468_nt|-|3|470|>k141_76550|flag=1|multi=2.0000|len=472,0.0,,0.0,0.0,0.0,0.0,0.0,0.0,0.0,0.0
gene_119377|GeneMark.hmm|1170_nt|-|2|1171|>k141_73996|flag=1|multi=65.0000|len=2064,,0.0,0.0,0.0,0.0,0.0,0.0,0.0,0.0,0.0
gene_11945|GeneMark.hmm|474_nt|-|1|474|>k141_11024|flag=1|multi=2.0000|len=476,0.0,,0.0,0.0,0.0,0.0,0.0,0.0,0.0,0.0
gene_119470|GeneMark.hmm|1662_nt|+|1787|3448|>k141_76664|flag=1|multi=9.0000|len=6080,0.0,0.0,,0.0,0.0,0.0,0.0,0.0,0.0,0.0
gene_11960|GeneMark.hmm|1158_nt|-|261|1418|>k141_9358|flag=1|multi=3.0000|len=1419,,0.0,0.0,0.0,0.0,0.0,0.0,0.0,0.0,0.0
gene_119771|GeneMark.hmm|981_nt|+|983|1963|>k141_74267|flag=1|multi=5.0000|len=3195,,0.0,0.0,0.0,0.0,0.0,0.0,0.0,0.0,0.0
gene_119964|GeneMark.hmm|1401_nt|+|543|1943|>k141_76942|flag=1|multi=5.0000|len=2025,,0.0,0.0,0.0,0.0,0.0,0.0,0.0,0.0,0.0
gene_120435|GeneMark.hmm|1209_nt|-|190|1398|>k141_77242|flag=1|multi=6.0000|len=7070,0.0,0.0,,0.0,0.0,0.0,0.0,0.0,0.0,0.0
gene_120508|GeneMark.hmm|1200_nt|-|1|1200|>k141_74799|flag=1|multi=7.0000|len=1200,,0.0,0.0,0.0,0.0,0.0,0.0,0.0,0.0,0.0
gene_120952|GeneMark.hmm|1107_nt|+|1190|2296|>k141_75092|flag=1|multi=5.0000|len=4040,,0.0,0.0,0.0,0.0,0.0,0.0,0.0,0.0,0.0
gene_121670|GeneMark.hmm|1215_nt|+|18848|20062|>k141_80397|flag=0|multi=32.9190|len=46970,0.0,0.0,,0.0,0.0,0.0,0.0,0.0,0.0,0.0
gene_122624|GeneMark.hmm|1335_nt|-|1996|3330|>k141_78616|flag=1|multi=6.0000|len=3474,,0.0,0.0,0.0,0.0,0.0,0.0,0.0,0.0,0.0
gene_122858|GeneMark.hmm|996_nt|-|2|997|>k141_77705|flag=1|multi=3.0000|len=998,0.0,0.0,,0.0,0.0,0.0,0.0,0.0,0.0,0.0
gene_123104|GeneMark.hmm|615_nt|+|2|616|>k141_78913|flag=1|multi=3.0000|len=1342,,0.0,0.0,0.0,0.0,0.0,0.0,0.0,0.0,0.0
gene_123444|GeneMark.hmm|597_nt|+|622|1218|>k141_76664|flag=1|multi=4.0000|len=2459,,0.0,0.0,0.0,0.0,0.0,0.0,0.0,0.0,0.0
gene_123922|GeneMark.hmm|336_nt|-|45|380|>k141_95339|flag=1|multi=2.0000|len=382,0.0,0.0,,0.0,0.0,0.0,0.0,0.0,0.0,0.0
gene_124232|GeneMark.hmm|261_nt|-|49|309|>k141_79583|flag=1|multi=3.0000|len=311,,0.0,0.0,0.0,0.0,0.0,0.0,0.0,0.0,0.0
gene_124400|GeneMark.hmm|576_nt|+|2066|2641|>k141_79674|flag=0|multi=121.0437|len=22060,,0.0,0.0,0.0,0.0,0.0,0.0,0.0,0.0,0.0
gene_124416|GeneMark.hmm|906_nt|+|14741|15646|>k141_79674|flag=0|multi=121.0437|len=22060,,0.0,0.0,0.0,0.0,0.0,0.0,0.0,0.0,0.0
gene_124418|GeneMark.hmm|2388_nt|+|17304|19691|>k141_79674|flag=0|multi=121.0437|len=22060,,0.0,0.0,0.0,0.0,0.0,0.0,0.0,0.0,0.0
gene_125087|GeneMark.hmm|873_nt|-|690|1562|>k141_82597|flag=0|multi=25.0000|len=2365,0.0,0.0,,0.0,0.0,0.0,0.0,0.0,0.0,0.0
gene_126078|GeneMark.hmm|381_nt|-|2|382|>k141_79942|flag=1|multi=2.0000|len=727,0.0,0.0,,0.0,0.0,0.0,0.0,0.0,0.0,0.0
gene_127217|GeneMark.hmm|1368_nt|-|1958|3325|>k141_83989|flag=1|multi=7.0000|len=9562,0.0,0.0,,0.0,0.0,0.0,0.0,0.0,0.0,0.0
gene_127377|GeneMark.hmm|828_nt|-|21200|22027|>k141_84075|flag=0|multi=66.0000|len=27712,0.0,0.0,,0.0,0.0,0.0,0.0,0.0,0.0,0.0
gene_128133|GeneMark.hmm|2046_nt|-|1393|3438|>k141_82531|flag=1|multi=14.0000|len=3440,0.0,0.0,,0.0,0.0,0.0,0.0,0.0,0.0,0.0
gene_12895|GeneMark.hmm|921_nt|-|3|923|>k141_11800|flag=1|multi=3.0000|len=1438,0.0,0.0,,0.0,0.0,0.0,0.0,0.0,0.0,0.0
gene_12902|GeneMark.hmm|2529_nt|+|7620|10148|>k141_8914|flag=0|multi=219.4956|len=29408,0.0,0.0,,0.0,0.0,0.0,0.0,0.0,0.0,0.0
gene_129863|GeneMark.hmm|456_nt|-|1|456|>k141_85706|flag=1|multi=2.0000|len=458,0.0,0.0,,0.0,0.0,0.0,0.0,0.0,0.0,0.0
gene_130219|GeneMark.hmm|984_nt|+|4570|5553|>k141_85937|flag=1|multi=11.0000|len=19833,0.0,0.0,,0.0,0.0,0.0,0.0,0.0,0.0,0.0
gene_130228|GeneMark.hmm|903_nt|+|15163|16065|>k141_85937|flag=1|multi=11.0000|len=19833,0.0,0.0,,0.0,0.0,0.0,0.0,0.0,0.0,0.0
gene_13041|GeneMark.hmm|1176_nt|-|213|1388|>k141_8606|flag=1|multi=3.0000|len=1390,0.0,0.0,,0.0,0.0,0.0,0.0,0.0,0.0,0.0
